Tweet_count,Username,Text,Created At,Retweets,Likes
1,Pokkiri_Victor,"1 RETWEET = 1 Vote For #TVK 🔥

 #TVKForTN https://t.co/WOZo2gGrN6",Fri Feb 21 09:03:08 +0000 2025,3199,4183
2,TVK Vijay Trends,Cutest Video in internet Today 😍❤️ https://t.co/YMjUipbnCy,Wed Feb 26 07:22:45 +0000 2025,985,5389
3,தமிழக வெற்றிக் கழகம் (செய்திகள்),#TVKForTN 2026 for TVK https://t.co/ynLbcttcTZ,Fri Feb 21 05:39:56 +0000 2025,2157,4247
4,Prakash,#TVK 😂 https://t.co/Ebn8dwlAuT,Mon Aug 19 12:31:38 +0000 2024,58,160
5,Surendar TVK 🔥,"There should be a case study on how a person be so cool &amp; relax all the time

Not getting irritated or Anger on some actions. https://t.co/2PYc2JFsJL",Wed Feb 26 13:52:09 +0000 2025,146,519
6,Mᴜʜɪʟツ𝕏,"Kaliammal Started Following 
@TVKVijayHQ💛♥

Welcome to TVK🔥

#TheGreatestOfAllTime
 #JanaNayagan @actorvijay https://t.co/QoKa5PeL2M",Mon Feb 24 11:28:58 +0000 2025,454,1851
7,தமிழக வெற்றிக் கழகம் (செய்திகள்),https://t.co/4vwHuSFh6b,Thu Feb 27 06:13:02 +0000 2025,267,3103
8,Dinakaran,"`அரசியல் முடிவு அவரது தனிப்பட்ட விருப்பம்; அதில் குடும்பத்துக்கு தொடர்பு இல்லை' -ஆதவ் அர்ஜூனா மனைவி  

 #AadhavArjuna #TVK #DinakaranNews https://t.co/gp2FnuVfK7",Fri Feb 28 03:33:00 +0000 2025,0,7
9,TVK Party Updates,"நம் கழகத் தலைவர் அவர்களின் ஆணைப்படி, நமது வெற்றிக் கொள்கைத் திருவிழாவிற்கான பூர்வாங்கப் பணிகள் ஏற்கெனவே தொடங்கி நடைபெற்று வரும் நிலையில், மாநாட்டுத் திடலில் மாநாட்டு மேடை மற்றும் பந்தல் அமைக்கும் பணிகளுக்கான கால்கோள் விழா இன்று (04.10.2024) அதிகாலை தலைமைக் கழக நிர்வாகிகள் மற்றும் https://t.co/yMVZ6YA16J",Fri Oct 04 07:36:30 +0000 2024,1902,7996
10,ʲᵈᴀʟᴇxᴀɴᴅᴇʀᵗʷᵉᵉᵗˢ,"Converted into TVK !
 https://t.co/9eqFHMS8jh",Sun Feb 23 13:25:06 +0000 2025,304,1220
11,999,#TVKVijay‌ #TVK https://t.co/ZhlSxT74eO,Wed Feb 26 08:03:15 +0000 2025,313,2008
12,சமூகநீதி🏴🚩,"A new leader is emerging for this society and it should not be an actor - Actor Joe Malloori... ! 💯

இந்த சமூகத்திற்கு ஒரு புதிய தலைவன் உருவாகிறான் என்றால் அது நடிகனாக இருக்க கூடாது - நடிகர் ஜோ மல்லூரி... !

#TVK #TVKVijay #Vijay   #TamilagaVettriKazhagam  #TVKFirstAnniversary https://t.co/zZJf2lkfP0",Wed Feb 26 01:46:49 +0000 2025,459,1521
13,TVK Vijay Trends,Full Speech of @TVKVijayHQ ✊🔥 https://t.co/AVWehzTAk5,Wed Feb 26 07:34:43 +0000 2025,2429,8443
14,𝗩𝗧𝗠ᵀⱽᴷ,Can I get 100 #TVKForTN Tag comments ☺️ https://t.co/LfKkXvTDSv,Fri Feb 21 06:02:08 +0000 2025,902,1122
15,Polimer News,"🔴LIVE : TVK 2-ஆம் ஆண்டு துவக்க விழா..
#Chennai | #TVKsecondyearanniversary | #TVKVijay | #vijay |#TVKMaanadu | #AadhavArjuna | #PrashantKishor
Link :- https://t.co/Snn7T4yqyp https://t.co/tx7sbMs7on",Wed Feb 26 01:41:16 +0000 2025,19,59
16,TVK Vijay Trends,"INDIA'S Strongest Political IT WING 😎

#TVKForTN https://t.co/yak4BcWYVq",Fri Feb 21 09:14:14 +0000 2025,2250,5909
17,Living Temples Of Bharat,"With Acharya's blessings, the Mahakumbabhishekam of Mukundhagiri Shri Panchayutheshwarar temple went on well today. The centuries old temple was untraceable, &amp; murtis were in a shed until Gurukataksham trust &amp; TVK started the renovation.
Om Namah Shivaya 🙏🙏🙏
credits @gkgops23 https://t.co/uvH26Hfq60",Sun Jun 16 13:00:14 +0000 2024,27,85
18,𝗥 𝗨 𝗞 𝗦 𝗛 ₳₳ 𝗡,"TVK is for everyone ❤️🥺

#TVKforTN 

 https://t.co/z5Erlq1SgC",Fri Feb 21 06:29:54 +0000 2025,882,1785
19,TVK IT wing HQ,"This Sync 😍🔥🔥🔥

#தமிழகவெற்றிக்கழகம் @TVKVijayHQ https://t.co/kOE2NwyoCz",Wed Feb 26 14:20:07 +0000 2025,889,4797
20,𝗩𝗧𝗠ᵀⱽᴷ,"What an AURA📈

 இவ்வளவு நாள் கண்ணுல படாம எப்படி இருந்துச்சு இந்த வீடியோ வேற லெவல்  @TVKVijayHQ 🔥🔥🔥 https://t.co/6rGChpd4mo",Fri Feb 21 04:38:13 +0000 2025,696,2874
21,Sangeetha -TVK✨,"Power of Thalapathy 🔥🔥🔥 
#வெற்றித்_தலைவர்_விஜய் https://t.co/ne6jyO2p6S",Tue Feb 25 08:15:56 +0000 2025,181,404
22,Surendar TVK 🔥,Made my Day ♥️♥️♥️ https://t.co/q55qtfX1vW,Wed Feb 26 05:55:02 +0000 2025,142,563
23,TVK Vijay Trends,"All Set For Thalaivar entry 🔥🔥🔥

#இரண்டாம்_ஆண்டில்_தவெக https://t.co/UhxTUQLVHf",Wed Feb 26 03:40:31 +0000 2025,320,846
24,Prasanna OG,"Periyappa Rocked ❤️‍🔥❤️‍🔥❤️‍🔥
Reporter Shocked 😂

#TVK https://t.co/QVHRO1Aa9E",Tue Feb 25 15:22:16 +0000 2025,867,2707
25,MAHI 𝕏,"எதிரிகள் எவ்வளவு தரம் தாழ்ந்து விமர்சனம் செய்தாலும் உங்கள் தரத்தை நீங்கள் குறைத்து கொள்ள வேண்டாம்...
                        ~ #தளபதிவிஜய் 

#TVKForTN  #TVK #Jananayagan https://t.co/qiNyCchdYB",Sat Feb 22 04:08:06 +0000 2025,228,799
26,Surendar TVK 🔥,"தமிழ் தாய் வாழ்த்து பாடவில்லை என்று குறை சொல்லிக்கொண்டிருந்த திமுக அடிமைகளே!!!

எப்போ என்ன செய்ய வேண்டும் என்று எங்களுக்கு நன்றாக தெரியும் 🤫🤫🤫

Don't Teach your Dad how to make babiess.... 😄

#இரண்டாம்_ஆண்டில்_தவெக https://t.co/k8v04xp3WR",Wed Feb 26 05:48:39 +0000 2025,1053,5270
27,Priyamudan Mani,"காணொளி மூன்று நிமிடங்களுக்கு மேல் இருந்தாலும் மூன்றாயிரம் முறை மேல் பார்த்துவிட்டேன்!

சலிக்கவில்லை! என் தலைவன் அன்பால் சேர்த்த கூட்டம் கண்டு மகிழ்கிறேன்!

தன் நம்பிக்கையால், தன்னம்பிக்கையால் மக்களை ஈர்க்கும் தலைவன் வெற்றியை உறுதிப்படுத்துவான்!

#TVK | #Vijay | #Panaiyur | https://t.co/xeDnJ7XhIW",Sun Feb 23 05:36:14 +0000 2025,394,1495
28,TVK Vijay Trends,"No Like ❌
Only Repost ✔️ #TVKForTN",Fri Feb 21 13:20:33 +0000 2025,1710,620
29,plip plip 2.0,"BJP DMK TVK vs NTK 

தமிழன் vs ஆரிய திராவிடர்கள்

#GetOutModiandStalin https://t.co/3kNzsHFpBJ",Fri Feb 21 09:44:27 +0000 2025,271,633
30,TVK IT Wing,"கொள்கை தலைவர்கள்❤️

#தமிழகவெற்றிக்கழகம் #TVKVijay @tvkvijayhq https://t.co/ZfL84cGgRH",Wed Feb 26 02:58:25 +0000 2025,69,191
31,TVK Vijay Trends,https://t.co/jgfY8RSpIL,Sat Feb 22 08:44:38 +0000 2025,472,2425
32,தமிழச்சி TVK,"To 
    Mr Narendra Modi,
    Prime minister of India,
    Delhi, India

Requesting to appoint an experienced politician in TamilNadu! 😊😊

#tvk #TVKVijay #vijay https://t.co/00DnAClzde",Fri Feb 21 02:19:09 +0000 2025,64,192
33,தமிழச்சி TVK,"நாம் தமிழர் கட்சியில் இருந்து காளியம்மாள் விலகல்!

#TVK கட்சியில் சேர உள்ளார் என்று பரவலாக பேசப்படுகிறது!

#tvk #tvkvijay #vijay https://t.co/oR8UDHN9Ka",Mon Feb 24 09:48:08 +0000 2025,23,90
34,தமிழச்சி TVK,"பொய்பேசி!
பொய்கேசி!

#tvk #tvkvijay #vijay https://t.co/dDuJl1BySH",Mon Feb 24 05:41:31 +0000 2025,291,847
35,Ａｌｏｎｅｂｏｙ,TVK Flag! 🔥 https://t.co/nDIYGLKKjp,Thu Aug 22 04:46:39 +0000 2024,256,2594
36,TVK Vijay Universe,"Hey people’s Can You Give 1000 Retweets for this Tag ?

 #TVKForTN https://t.co/bf893RSdGq",Fri Feb 21 06:01:27 +0000 2025,323,194
37,TVK Vijay Trends,தமிழக வெற்றிக் கழகத்தின் தலைமை அலுவலகத்தில் கொள்கைத் தலைவர்களுக்கு மரியாதை செலுத்தும் திருநர் சொந்தங்கள்.🙏 @TVKVijayHQ https://t.co/yO8JUvIxiz,Mon Feb 24 16:20:11 +0000 2025,299,977
38,தமிழக வெற்றிக் கழகம் (செய்திகள்),"#TVKForTN #TVKVijay‌ #TVKfor2026 

நாளை நமதே…. https://t.co/X82lbH33SK",Fri Feb 21 07:43:40 +0000 2025,359,353
39,TVK Vijay Trends,Thalaivar @TVKVijayHQ 📸 https://t.co/UvzTpdgueD,Fri Feb 28 02:04:42 +0000 2025,147,744
40,TVK Vijay Trends,Only REPOST 🔃 #TVKforTN https://t.co/L72VqlKGIm,Fri Feb 21 08:33:38 +0000 2025,2221,2995
41,TVK Vijay Trends,India's Biggest CROWD Puller #TVKForTN https://t.co/Vju3jMzBjk,Fri Feb 21 13:00:04 +0000 2025,1014,3244
42,News7 Tamil,"“விஜய் தமிழ்நாட்டிற்கான புதிய நம்பிக்கை”

https://t.co/WciCN2SiwX | #PrashantKishor | @TVKVijayHQ | @actorvijay | #TVK | #TVKVijay | #TamilagaVettriKazhagam | #தமிழகவெற்றிக்கழகம் | #Mahabalipuram | #News7Tamil | #News7TamilUpdates https://t.co/d4Wp6cTVyJ",Wed Feb 26 07:35:42 +0000 2025,18,107
43,தமிழக வெற்றிக் கழகம் IT WING,https://t.co/0QbrypMYPG,Wed Feb 26 10:56:05 +0000 2025,59,567
44,Prasanna OG,Tag war paridhabangal 😂  #TVK https://t.co/ufvjZoryyT,Thu Feb 20 10:42:35 +0000 2025,412,1072
45,Vijay Social Teamⱽˢᵀ,"TVK for TN 💯👑

#தமிழகவெற்றிக்கழகம்‌ https://t.co/uzOUTIRtxA",Wed Feb 26 13:05:57 +0000 2025,677,2943
46,𝗩𝗧𝗠ᵀⱽᴷ,"எல்லாரையும் மேடையில ஏத்தி உட்கார வச்சு  அழகு பார்த்துட்டு அப்புறம் வந்து மேடையில் அமர்வது எல்லாம் ஒரு தலைவனுக்கே உரித்தான செயல் 
@TVKVijayHQ 😍❤️👌 

#இரண்டாம்_ஆண்டில்_தவெக https://t.co/zSqzgmb6qu",Wed Feb 26 09:09:58 +0000 2025,1397,8733
47,TVK Vijay Trends,Thalaivar @TVKVijayHQ 📸 https://t.co/pqMTgf7wMV,Wed Feb 26 05:40:02 +0000 2025,556,6452
48,Sᴀᴛʜɪsʜ T V K❗,"Annan Rocked 🗿🔥
All Clowns 🤡 Shocked 😅

#இரண்டாம்_ஆண்டில்_தவெக 
#தமிழகவெற்றிக்கழகம் #TVK https://t.co/CcbkKchl21",Wed Feb 26 09:08:21 +0000 2025,1091,4814
49,Parthiban P 🇪🇸,"#TVK தோழர்கள் அனைவரும் ஃபாலோ பண்ணுங்க ஃபாலோ பேக் பண்றேன் 🙏

#TVKForTN https://t.co/hKtQgMaQZQ",Fri Feb 21 07:42:07 +0000 2025,731,988
50,Polimer News,"தமிழக வெற்றிக் கழக மாநாட்டையொட்டி வழியெங்கும் மத்திய - மாநில அரசுகளுக்கு எதிரான வாசகங்களுடன் பேனர்கள்
#Chengalpattu | #TVK | #Vijay | #banners https://t.co/5PbLIorIxf",Wed Feb 26 01:58:20 +0000 2025,307,1053
51,Thanthi TV,"#BREAKING || கூட்ட அரங்கில் தவெக பவுன்சர்கள் - செய்தியாளர்கள் இடையே தள்ளுமுள்ளு

தவெக பவுன்சர்கள் - செய்தியாளர்கள் இடையே தள்ளுமுள்ளு

பவுன்சரால் தாக்கப்பட்டு காயம் அடைந்த செய்தியாளர் மருத்துவமனைக்கு அனுப்பி வைப்பு

#TVK #TVKVijay‌ #Vijay #Bouncers #Chennai #Reporters #NewsChannel https://t.co/jKXWUpMYNi",Wed Feb 26 05:31:35 +0000 2025,42,135
52,TVK Party Updates,"#தமிழக_வெற்றிக்_கழகம் 

மாநாட்டுச் சிறப்புக் குழுக்கள்

#தவெக_மாநாடு
#TVKVijay
@tvkvijayhq @BussyAnand https://t.co/09GzC86B0j",Mon Oct 14 11:28:53 +0000 2024,991,2642
53,Sumi,"நீங்களே  சொல்லிக்கக் கூடாது அப்பா அப்பான்னு... மக்கள் சொல்லணும்...  🧐

#TVKForTN #TVK https://t.co/o5LZJQ7oDj",Mon Feb 24 06:01:17 +0000 2025,268,831
54,தமிழக வெற்றிக் கழகம் (செய்திகள்),https://t.co/UAxFas7Zj4,Wed Feb 26 04:28:47 +0000 2025,220,2993
55,MAHI 𝕏,"ஸ்டாலின் உங்களுக்கு தான் ஓட்டு போடுவார்!🫢🤣

#tvk #tvkvijay #vijay #GetOut

 https://t.co/cKevUBQ32X",Wed Feb 26 06:44:12 +0000 2025,346,1036
56,Troll VIJAY,"#TVK Ku Vote Poduven’Nu Solra #THALA Fans RETWEET PANNUNGA !

Namma VIJAY Fans Ku Support Panna Maatom nu nenaikura Party’s Ku Paadama Amaiyattum 👍

#TVKForTN https://t.co/50SylXihHW",Fri Feb 21 09:07:29 +0000 2025,1537,2962
57,TVK IT Wing,"Cutest of all time 😻

#இரண்டாம்_ஆண்டில்_தவெக

https://t.co/D24BJPDytp",Wed Feb 26 05:57:54 +0000 2025,672,2406
58,VIJAY VIGNESH 🇪🇦 TVK 🇪🇦,"Thank you  john cena  to  follow me 😭😭😭 

Come to India and join the TVK party President Vijay 🤣🤣 https://t.co/iKX9VRHWAo",Tue Feb 25 15:06:16 +0000 2025,4,20
59,𝗩𝗧𝗠ᵀⱽᴷ,"நாங்க இறங்கினாலே சம்பவம் தான் 🔥🔥🔥 #TVKForTN

https://t.co/ySAAOdNx33",Fri Feb 21 09:40:14 +0000 2025,1296,2224
60,TVK Vijay Trends,"1 RETWEET = 1 Vote For #TVK 🔥

 #TVKForTN https://t.co/3rfgGJfg77",Fri Feb 21 12:31:36 +0000 2025,1336,1744
61,TVK RAGAVEN,"Fun Meeting Mathiri Potu Polanthutu Irukanga ! 🔥😁

#இரண்டாம்_ஆண்டில்_தவெக @actorvijay #TVKVijay #TamilagaVettriKazhagam https://t.co/6arltrvNcu",Wed Feb 26 07:54:09 +0000 2025,1586,6558
62,RAJALAKSHMI TVK வடசென்னை,"தமிழக வெற்றிக் கழகத்தின் இரண்டாம் ஆண்டு துவக்க விழாவில் மாவட்ட செயலாளர் 
@EcrPSaravanann அண்ணன் அவர்களையும்  Dr.prabhu Tk அவர்களையும் சந்தித்த  அழகிய  தருணங்கள் 🔥🔥🔥🔥🔥
#TVKForTN 
#Tvkvijayhq 
#TVKVijay‌ 
#Thalapathivijay 
#தமிழகவெற்றிக்கழகம்‌ https://t.co/BFfnuidp8a",Fri Feb 28 04:49:22 +0000 2025,11,40
63,Tнaмιzнan𓀌,"Fake Jalra Medias are not allowed 😂 

பொய் சேதி பரப்புற உங்களுக்கு ஆவனும்டா 
#இரண்டாம்_ஆண்டில்_தவெக https://t.co/XL5yUS706F",Wed Feb 26 04:54:40 +0000 2025,453,1374
64,Offline Mafia,"Ippo lam Fan fights avoid panraanuga 

TVK nu vanthuta Onnu koodraanuga 😭🔥🔥

#TVKForTN
https://t.co/JMJOHp2e6X",Sat Feb 22 06:21:09 +0000 2025,805,3324
65,Centrism | மய்யம்,"Typical average TVK follower🤷🏻‍♂️

சொன்னா புரிஞ்சிக்கோங்க பா, போய் மொதல படிங்க, அப்புறம் சண்டை போடலாம் சரியா?

#KamalHaasan 🐐
#Vijay https://t.co/rko6xZldXT",Mon Feb 24 15:54:40 +0000 2025,23,85
66,தமிழச்சி TVK,"எப்போது தமிழ்நாட்டில் இந்த சட்டம் வரும்?

தமிழ் வாழ்க என்று வெறும் வாயில் சொன்ன மட்டும் போதாது!

#tvk #tvkvijay #vijay https://t.co/MrkUwJilNZ",Wed Feb 26 14:28:26 +0000 2025,43,84
67,Trollywood 𝕏,Worst TVK boys.  https://t.co/c1B3jWg1vD,Wed Feb 26 08:25:08 +0000 2025,538,1406
68,PuthiyathalaimuraiTV,"விஜய் வீட்டில் காலணி வீச்சு - காவல்துறை விசாரணை

#TVK | #TVKVijay | #Vijay | #TamilagaVettriKazhagam | #TVKFirstAnniversary https://t.co/xzfPwxfzTs",Wed Feb 26 02:51:34 +0000 2025,10,54
69,தமிழக வெற்றிக் கழகம் (செய்திகள்),"வேண்டாம் பாசிசம் / பாயாசம் 

தமிழகத்திற்கு தேவை மாற்றம் 

#TVKforTN https://t.co/G51NF5Vxae",Fri Feb 21 10:17:46 +0000 2025,543,1193
70,TVK Vijay Trends,What bro ? it is very bad bro 🤣😂😂 https://t.co/dzxG46VPms,Wed Feb 26 07:14:50 +0000 2025,730,2306
71,News7 Tamil,"“அடுத்த ஆண்டு தவெக வெற்றி பெறும்போது...”

https://t.co/WciCN2SiwX | #PrashantKishor | @TVKVijayHQ | @actorvijay | #TVK | #TVKVijay | #TamilagaVettriKazhagam | #தமிழகவெற்றிக்கழகம் | #Mahabalipuram | #News7Tamil | #News7TamilUpdates https://t.co/Y4GqwadCMt",Wed Feb 26 07:47:38 +0000 2025,305,2177
72,Jiven ツ,"MGR 🔥
Vijay ♥️ 

நரிக்குறவர் மக்கள் இவங்க மேல வச்சிருக்கிற அன்பு 🫂

தலைவா @TVKVijayHQ நம்ம ஆட்சியில் இவங்களுக்கு கஷ்டம்ன்னு ஒன்னு இருக்கவே கூடாது 🥹🙏... #2026 🏆

#தமிழகவெற்றிக்கழகம் #TVK https://t.co/YgC8VTto2g",Mon Feb 24 03:31:40 +0000 2025,763,3061
73,TVK Party Updates,https://t.co/97W1dSrmnK,Mon Feb 24 06:30:02 +0000 2025,1008,2922
74,தமிழக வெற்றிக் கழகம் (செய்திகள்),இன்று https://t.co/CqzrUQdFUs,Tue Feb 25 23:18:55 +0000 2025,104,1063
75,RAJALAKSHMI TVK வடசென்னை,"எப்போ திருந்த போறீங்க.....
 நான் ஒருத்தி நினைச்ச போதாது மக்கள் அனைவரும் நினைக்கணும் 👍

 💥2026 இல் மாற்ற வேண்டும்💥 

#Tvkvijayhq 
#TVKfor2026 
#தமிழகவெற்றிக்கழகம் 
#Thalapathy69 
@BussyAnand https://t.co/xMbJ0gMQPY",Mon Feb 24 01:11:41 +0000 2025,227,651
76,தமிழச்சி TVK,"I Love him! ❤️❤️

you....?

#vijay #tvk #TVKVijay https://t.co/sLAFP7TJdA",Thu Feb 27 07:54:51 +0000 2025,21,84
77,News18 Tamil Nadu,"சென்னை அடுத்த நீலாங்கரையில் உள்ள விஜய் வீட்டிற்குள் காலணியை வீசிய நபரால் பரபரப்பு
#Vijay #TVK #News18Tamilnadu | https://t.co/3v5L32pLWJ https://t.co/dGnbqkyPFC",Wed Feb 26 02:19:55 +0000 2025,23,66
78,Theeban,Tharkuri TVK- ithukku thaanda padikka sollurar unga annan @actorvijay https://t.co/tVQIkelU7S,Mon Feb 24 03:32:01 +0000 2025,35,116
79,Vaishnavi,"பொய்யான தேர்தல் வாக்குறுதி….
ஊழலிலேயே ஊறிப்போன ஆட்சி…
பெண்களுக்கு பாதுகாப்பற்ற ஆட்சி… 
போதைக்கு மக்களை அடிமையாக்கும் ஆட்சி…
இளைஞர்களுக்கு வேலைவாய்பை வழங்காத ஆட்சி…
இப்படி மக்களுக்கு எதிரான ஆட்சியை மக்களே 2026 இல் மாற்றுவார்கள் 

#TVKForTN https://t.co/SQu39n7kHO",Fri Feb 21 09:24:29 +0000 2025,2030,4552
80,MAHI 𝕏,"1000 Likes Possible for this Image 🥵
#JanaNayagan #TVK #TVKForTN https://t.co/RKDSlXZpLz",Fri Feb 21 09:31:05 +0000 2025,250,276
81,Syed,"#TVK தோழர்கள் அனைவரும் ஃபாலோ பண்ணுங்க ஃபாலோ பேக் பண்றேன் 🙏

#TVKForTN https://t.co/i2WPCENPbs",Fri Feb 21 07:31:34 +0000 2025,1410,2560
82,Polimer News,#JUSTIN || விஜய்க்கு வரவேற்பு | #Chennai | #TVKVijay | #TVK | #Vijay | #Entry | #PolimerNews https://t.co/dxyEs1zXUx,Wed Feb 26 04:41:51 +0000 2025,216,1173
83,MAHI 𝕏,"Shall we check the #TVK Power in Social Media ? 

1 RT = 1 VOTE 

#TVKForTN #Jananayagan https://t.co/Zw7tBdn9Fd",Fri Feb 21 06:43:38 +0000 2025,232,166
84,MAHI 𝕏,"Vijay Vs  Paint box's 🔥

1 Hero Vs 10 villain 👑✅

திமுகவின் உளறல் நாயகன் கமல்

 - Rawther #TVK #Jananayagan https://t.co/hAz5BLjWd5",Mon Feb 24 16:29:37 +0000 2025,206,832
85,Rajasekar,"#TVK has initiated #GetOut campaign against three language policy, sexual violence against women, corrupted government in state and central. @TVKVijayHQ https://t.co/sCL5LLBl76",Wed Feb 26 05:26:39 +0000 2025,357,1442
86,𝗩𝗧𝗠ᵀⱽᴷ,"#TVK தோழர்கள் அனைவரும் ஃபாலோ பண்ணுங்க ஃபாலோ பேக் பண்றேன் 🙏

#TVKForTN https://t.co/F3zzqMGgFA",Fri Feb 21 07:25:11 +0000 2025,279,264
87,𝗩𝗧𝗠ᵀⱽᴷ,"Romantic love is a mental illness. But it’s a pleasurable one😍

GOOD AFTERNOON X MATES🙏 https://t.co/C0mqFZyk6n",Thu Feb 27 06:22:42 +0000 2025,4,30
88,𝓪𝓼𝓱🧊_,"Recent click of Thalapathy vijay from the TVK 2nd Year inaugural ceremony ❤️💛❤️
#ThalapathyVijay𓃵
#இரண்டாம்_ஆண்டில்_தவெக https://t.co/v8KTRfi0My",Wed Feb 26 05:42:12 +0000 2025,5,15
89,𝗩𝗧𝗠ᵀⱽᴷ,"The best edit @TVKVijayHQ 😎🔥🔥🔥🔥

#TVKForTN
https://t.co/djqt5zojSP",Fri Feb 21 06:13:43 +0000 2025,199,205
90,Polimer News,#JUSTIN || I love TVK என வைக்கப்பட்டுள்ள செல்ஃபி பாயிண்ட் | #Chennai | #TVKVijay | #TVK | #Vijay | #SelfiePoint | #PolimerNews https://t.co/Obqpkewsyf,Wed Feb 26 03:27:13 +0000 2025,55,234
91,தமிழக வெற்றிக் கழகம் (செய்திகள்),https://t.co/HH69mNOVaD,Mon Feb 24 11:02:19 +0000 2025,614,3633
92,Polimer News,#JUSTIN || மக்களுக்கு மிகவும் பிடித்தவன் | #Chennai | #TVKVijay | #TVK | #Vijay | #Speech | #PolimerNews https://t.co/kJ4nxpNUfo,Wed Feb 26 08:00:55 +0000 2025,44,192
93,ꪜιԃԋყαʂαɠαⱤ🐿️ᵀᵛᵏ,"காளியம்மாள் @Kaliyammal_off நம்ம பக்கத்தை தொடர ஆரம்பித்துள்ளார் @TVKVijayHQ 
விலைபோகாமல் மக்கள் பக்கம் மக்களின் நம்பிக்கையின் பக்கம் வர உள்ளார்!!

Welcome to TVK🔥 Sister!!
@Actor_vijay 
@BussyAnand @TeamTVKOnline
@TVKNewsUpdates 
@TVKHQUpdates @imrajmohan 
@AadhavArjuna https://t.co/Ka9C4ihAPR",Mon Feb 24 12:46:54 +0000 2025,88,349
94,macaroni★@スーパーカブ,"今、TVKで逆襲のシャアを放送してるんだけど…
ミノフスキー粒子が濃くてまともに見れない…
神奈川なのに…
＃tvk
#逆襲のシャア https://t.co/eWoeYog9lx",Fri Feb 21 11:38:50 +0000 2025,1996,13131
95,TD....❥,"TVK -அடுத்த தலைமுறைக்குக்கும்
இருக்கும் அதுக்கு இதுதான் சாட்சி

வெற்றி நிச்சியம் @TVKVijayHQ ❤️‍🔥🦁 https://t.co/6BpgDNOxc3",Wed Feb 26 07:25:35 +0000 2025,1364,6664
96,தமிழச்சி TVK,"""தமிழ்"" மட்டும் இல்லை ""தமிழ்நாடு""ம் சேர்ந்து ஒழிய போகிறது!

#tvk #tvkvijay #vijay https://t.co/IT9BfazJew",Tue Feb 25 12:38:08 +0000 2025,9,18
97,Pokkiri_Victor,"மக்கள் பிரச்னைகள் பத்தி கவலை படாமல் மாத்தி மாத்தி tag போட்டு விளையாடிட்டு இருக்கானுங்க..

2026 இல் சிந்தித்து #TVK ku வாக்களியுங்கள் மக்களே🙏 https://t.co/qSXdmbMo6s",Fri Feb 21 04:55:10 +0000 2025,198,358
98,Vijay Social Teamⱽˢᵀ,"என் ஓட்டு TVK க்கு தான் னு சொல்றவங்க, Retweet பண்ணுங்க ✅🔥

#TVKForTN
https://t.co/RxnOYrJqWj",Fri Feb 21 15:29:03 +0000 2025,1703,3874
99,ஆட்டோக்காரன் 🛺,திசையெங்கும் TVK 😍 https://t.co/gQpLM59paH,Thu Feb 27 13:00:04 +0000 2025,143,631
100,திரள் நிதி🤡,"இதுவரை என்னை follow செய்த எல்லாத்தையும் follow back செய்து விட்டேன் ...

யாரேனும் விட்ருந்த comment பண்ணுங்க ...follow பண்ணிக்கிரேன் 

TVK தொண்டர்கள் Follow பண்ணுங்க திரும்ப Follow Back பண்றேன்..🙌 
#TVKForTN @actorvijay https://t.co/sne02Y9Q4z",Tue Feb 25 02:33:49 +0000 2025,147,602
101,PuthiyathalaimuraiTV,"இந்திய அளவில் ட்ரெண்டாகும் #TVKForTN

#Trending | #TVK | #TVKVijay https://t.co/x9smebbzDu",Fri Feb 21 10:28:40 +0000 2025,2957,7988
102,PuthiyathalaimuraiTV,"தவெக இரண்டாம் ஆண்டு தொடக்க விழா நிகழ்ச்சியின் உணவுப்பட்டியல்!

#TVK | #TVKVijay | #Vijay | #TamilagaVettriKazhagam | #TVKFirstAnniversary https://t.co/f2g7og9HYQ",Wed Feb 26 02:33:11 +0000 2025,102,438
103,தமிழக வெற்றிக் கழகம் (செய்திகள்),Always number 1…. #TVKForTN https://t.co/kRW33vyJDr,Fri Feb 21 11:43:23 +0000 2025,614,2237
104,TVK Vijay Trends,𝑻𝑨𝑴𝑰𝑳 𝑵𝑨𝑫𝑼 𝑰𝑺 𝑨 𝑳𝑨𝑵𝑫 𝑶𝑭 𝑺𝑬𝑳𝑭 𝑹𝑬𝑺𝑷𝑬𝑪𝑻                - Thalaivar @TVKVijayHQ 🎯🔥 https://t.co/sC7dTqjShu,Thu Feb 27 01:07:55 +0000 2025,437,1563
105,TVK IT Wing,"Thalapathy Vijay initiated the signature campaign against the New education policy by signing first and declaring ""Get Out. 

#இரண்டாம்_ஆண்டில்_தவெக @TVKVijayHQ

https://t.co/oMNVlr0JcI",Wed Feb 26 04:40:21 +0000 2025,188,604
106,Maridhas,What Bro - இது nonsense BRO.. #Vijay #TVK https://t.co/KufFcxJ47d,Wed Feb 26 11:09:55 +0000 2025,1213,4015
107,தமிழக வெற்றிக் கழகம் IT WING,#TVKForTN https://t.co/xmpnGKWTVh,Fri Feb 21 13:53:49 +0000 2025,309,1174
108,MAHI 𝕏,"வக்காளி இது எப்ப நடந்துச்சு 😂

What bro @Saattaidurai 😭😂😂

#TVK #Jananayagan

 https://t.co/JiIlowwDXD",Tue Feb 25 15:31:33 +0000 2025,299,807
109,தமிழச்சி TVK,"கும்பமேளா அற்றில் காசு போட்டால் புண்ணியம்! 🫢🫢

ஆனால் அடுத்த நாள் வருமானம்! வடகன்ஸ் எதுமே காரணம் இல்லாமல் செய்ய மாட்டார்கள்!

#tvk #tvkvijay #vijay https://t.co/nNO3r9gdoW",Thu Feb 27 11:31:25 +0000 2025,69,413
110,TVK Vijay Trends,"BJP அதிகாரத்தின் உச்சம் ❌

DMK ஆணவத்தின் உச்சம்❌

TVK மக்களின் உச்சம் ✅

உடையட்டும் உடையட்டும் விலங்குகள் உடையட்டும் முடிவெடு தமிழினமே..!!

தங்க மகனின் ஆட்சி அமையட்டும் தமிழகம் விடியட்டும்... #TVKForTN 🔥 https://t.co/2Odz8Ttecr",Fri Feb 21 08:22:33 +0000 2025,1444,3133
111,Sangeetha -TVK✨,"ஒரு மறத்தமிழனை  2026 ல் அரியணையில்  ஏற்றுவோம் 💪

#TVKForTN https://t.co/ilcm9PM4Rv",Fri Feb 21 07:00:19 +0000 2025,1131,1672
112,தமிழக வெற்றிக் கழகம் (செய்திகள்),#TVKforTN #TVKfor2026 https://t.co/AP0CThXcgA,Fri Feb 21 05:48:41 +0000 2025,1196,1980
113,TVK Vijay Trends,https://t.co/NGZQattLZF,Wed Feb 26 05:31:03 +0000 2025,177,1663
114,TVK Vijay Trends,"VIJAY is the Hope for Tamilnadu - @PrashantKishor 

#வெற்றித்_தலைவர்_விஜய் https://t.co/phSx2F9XIi",Wed Feb 26 06:49:08 +0000 2025,1155,4916
115,MovieClickz,"வெற்றி நிச்சயம்.... 

#TVK #TVKFirstAnniversary #TVKVijay‌ #Tvkvijayhq #TVKfor2026 https://t.co/aQrR8UfqwP",Wed Feb 26 08:47:55 +0000 2025,0,1
116,Galatta Media,"Soundararaja ✨இது அரசியல் கூட்டம் மாதிரி இல்ல..ரொம்ப Professional-ஆ இருக்காங்க🤩

#TVKForTN #TVKVijay #TVK #ThalapathyVijay #Soundararaja #Galatta https://t.co/7YFv6hde45",Wed Feb 26 05:27:28 +0000 2025,736,4761
117,𝕌𝕥𝕙𝕒𝕪𝕒,"Editing la paaka nalaa thaan iruku.....

But, content illayae.... கொள்கை, செயல்திட்டம் nu eathaachum irunthaal thaanae.....
#TVK
https://t.co/g7R1fXeAbk",Wed Feb 26 10:45:39 +0000 2025,0,2
118,TVK IT Wing,"✍️ 

#இரண்டாம்_ஆண்டில்_தவெக @TVKVijayHQ https://t.co/7vli1yv8DL",Wed Feb 26 04:37:45 +0000 2025,65,152
119,Gayathri TVK,"Good morning guys🤍
Happy Friday 😍🥰😘
@Actor_Amritha https://t.co/m43KioImGL",Fri Feb 28 01:55:51 +0000 2025,10,69
